[
    {
        "vārds": "Īzaks",
        "uzvārds": "Ņūtons",
        "dzGads": 1643,
        "mGads": 1727,
        "valsts": "Apvienotā Karaliste",
        "joma": "fizika"
    },
    {
        "vārds": "Marija",
        "uzvārds": "Sklodovska-Kirī",
        "dzGads": 1867,
        "mGads": 1906,
        "valsts": "Polija",
        "joma": "ķīmija"
    },
    {
        "vārds": "Alberts",
        "uzvārds": "Einšteins",
        "dzGads": 1879,
        "mGads": 1955,
        "valsts": "ASV",
        "joma": "fizika"
    },
    {
        "vārds": "Galileo",
        "uzvārds": "Galilejs",
        "dzGads": 1564,
        "mGads": 1642,
        "valsts": "Itālija",
        "joma": "astrofizika"
    },
    {
        "vārds": "Nikolajs",
        "uzvārds": "Koperniks",
        "dzGads": 1473,
        "mGads": 1543,
        "valsts": "Polija",
        "joma": "astronomija"
    }
]